lesson_id,lesson_version,event_type,event_date,anchor_gold_date,alignment_method,gold_close_at_event,cpi_value,previous_cpi_value,cpi_change_pct,cpi_pressure,gold_close_t_plus_1d,gold_return_1d_pct,gold_direction_1d,gold_close_t_plus_5d,gold_return_5d_pct,gold_direction_5d,gold_close_t_plus_20d,gold_return_20d_pct,gold_direction_20d,primary_horizon_days,lesson_text,dxy_value_at_event,dxy_value_lookback,dxy_change,dxy_level,dxy_trend
CPI_GOLD_2015-02-01,cpi_gold_v1,CPI,2015-02-01,2015-02-02,first_gold_session_on_or_after_event_date,1276.199951,235.342,234.747,0.253464,inflation_pressure_up,1259.699951,-1.292901,DOWN,1240.800049,-2.773852,DOWN,1204.0,-5.657417,DOWN,20,"After CPI changed by 0.253464% on 2015-02-01, gold moved -5.657417% over 20 trading days (DOWN).",94.800003,91.080002,3.720001,low_dxy_regime,dxy_rising
CPI_GOLD_2015-03-01,cpi_gold_v1,CPI,2015-03-01,2015-03-02,first_gold_session_on_or_after_event_date,1207.699951,235.976,235.342,0.269395,inflation_pressure_up,1204.0,-0.306363,DOWN,1166.400024,-3.419718,DOWN,1184.800049,-1.896158,DOWN,5,"After CPI changed by 0.269395% on 2015-03-01, gold moved -3.419718% over 5 trading days (DOWN).",95.25,94.800003,0.449997,normal_dxy_regime,dxy_flat
CPI_GOLD_2015-04-01,cpi_gold_v1,CPI,2015-04-01,2015-04-01,first_gold_session_on_or_after_event_date,1208.099976,236.222,235.976,0.104248,inflation_pressure_up,1200.900024,-0.595973,DOWN,1193.599976,-1.200232,DOWN,1182.400024,-2.127303,DOWN,20,"After CPI changed by 0.104248% on 2015-04-01, gold moved -2.127303% over 20 trading days (DOWN).",98.190002,95.459999,2.730003,normal_dxy_regime,dxy_rising
CPI_GOLD_2015-05-01,cpi_gold_v1,CPI,2015-05-01,2015-05-01,first_gold_session_on_or_after_event_date,1174.5,237.001,236.222,0.329775,inflation_pressure_up,1186.800049,1.047258,UP,1189.099976,1.24308,UP,1188.300049,1.174972,UP,5,"After CPI changed by 0.329775% on 2015-05-01, gold moved 1.24308% over 5 trading days (UP).",95.300003,98.190002,-2.889999,normal_dxy_regime,dxy_falling
CPI_GOLD_2015-06-01,cpi_gold_v1,CPI,2015-06-01,2015-06-01,first_gold_session_on_or_after_event_date,1188.300049,237.657,237.001,0.276792,inflation_pressure_up,1194.099976,0.488086,UP,1173.199951,-1.270731,DOWN,1178.5,-0.824712,DOWN,5,"After CPI changed by 0.276792% on 2015-06-01, gold moved -1.270731% over 5 trading days (DOWN).",97.389999,95.300003,2.089996,normal_dxy_regime,dxy_rising
CPI_GOLD_2015-07-01,cpi_gold_v1,CPI,2015-07-01,2015-07-01,first_gold_session_on_or_after_event_date,1169.0,238.034,237.657,0.158632,inflation_pressure_up,1163.0,-0.513259,DOWN,1159.0,-0.855432,DOWN,1088.400024,-6.89478,DOWN,20,"After CPI changed by 0.158632% on 2015-07-01, gold moved -6.89478% over 20 trading days (DOWN).",96.309998,97.389999,-1.080002,normal_dxy_regime,dxy_falling
CPI_GOLD_2015-08-01,cpi_gold_v1,CPI,2015-08-01,2015-08-03,first_gold_session_on_or_after_event_date,1089.400024,238.033,238.034,-0.00042,inflation_pressure_down,1090.699951,0.119325,UP,1104.199951,1.358539,UP,1131.599976,3.873687,UP,20,"After CPI changed by -0.00042% on 2015-08-01, gold moved 3.873687% over 20 trading days (UP).",97.370003,96.110001,1.260002,normal_dxy_regime,dxy_rising
CPI_GOLD_2015-09-01,cpi_gold_v1,CPI,2015-09-01,2015-09-01,first_gold_session_on_or_after_event_date,1138.699951,237.498,238.033,-0.224759,inflation_pressure_down,1132.5,-0.544476,DOWN,1102.199951,-3.20541,DOWN,1115.5,-2.037407,DOWN,5,"After CPI changed by -0.224759% on 2015-09-01, gold moved -3.20541% over 5 trading days (DOWN).",95.449997,97.370003,-1.920006,normal_dxy_regime,dxy_falling
CPI_GOLD_2015-10-01,cpi_gold_v1,CPI,2015-10-01,2015-10-01,first_gold_session_on_or_after_event_date,1114.199951,237.733,237.498,0.098948,inflation_pressure_up,1137.099976,2.055289,UP,1144.699951,2.73739,UP,1147.199951,2.961766,UP,20,"After CPI changed by 0.098948% on 2015-10-01, gold moved 2.961766% over 20 trading days (UP).",96.190002,95.449997,0.740005,normal_dxy_regime,dxy_flat
CPI_GOLD_2015-11-01,cpi_gold_v1,CPI,2015-11-01,2015-11-02,first_gold_session_on_or_after_event_date,1135.800049,238.017,237.733,0.119462,inflation_pressure_up,1114.199951,-1.901752,DOWN,1087.900024,-4.217294,DOWN,1063.800049,-6.339144,DOWN,20,"After CPI changed by 0.119462% on 2015-11-01, gold moved -6.339144% over 20 trading days (DOWN).",96.949997,95.830002,1.119995,normal_dxy_regime,dxy_rising
CPI_GOLD_2015-12-01,cpi_gold_v1,CPI,2015-12-01,2015-12-01,first_gold_session_on_or_after_event_date,1063.800049,237.761,238.017,-0.107555,inflation_pressure_down,1054.199951,-0.902434,DOWN,1076.300049,1.175033,UP,1060.099976,-0.347817,DOWN,5,"After CPI changed by -0.107555% on 2015-12-01, gold moved 1.175033% over 5 trading days (UP).",99.800003,96.949997,2.850006,normal_dxy_regime,dxy_rising
CPI_GOLD_2016-01-01,cpi_gold_v1,CPI,2016-01-01,2016-01-04,first_gold_session_on_or_after_event_date,1075.099976,237.652,237.761,-0.045844,inflation_pressure_down,1078.400024,0.306953,UP,1096.5,1.990515,UP,1127.300049,4.855369,UP,20,"After CPI changed by -0.045844% on 2016-01-01, gold moved 4.855369% over 20 trading days (UP).",98.629997,99.989998,-1.360001,normal_dxy_regime,dxy_falling
CPI_GOLD_2016-02-01,cpi_gold_v1,CPI,2016-02-01,2016-02-01,first_gold_session_on_or_after_event_date,1127.900024,237.336,237.652,-0.132968,inflation_pressure_down,1127.300049,-0.053194,FLAT,1197.900024,6.206224,UP,1230.300049,9.078821,UP,20,"After CPI changed by -0.132968% on 2016-02-01, gold moved 9.078821% over 20 trading days (UP).",99.0,98.629997,0.370003,normal_dxy_regime,dxy_flat
CPI_GOLD_2016-03-01,cpi_gold_v1,CPI,2016-03-01,2016-03-01,first_gold_session_on_or_after_event_date,1230.300049,238.08,237.336,0.31348,inflation_pressure_up,1241.099976,0.877829,UP,1262.099976,2.584729,UP,1226.900024,-0.276357,DOWN,5,"After CPI changed by 0.31348% on 2016-03-01, gold moved 2.584729% over 5 trading days (UP).",98.349998,99.610001,-1.260002,normal_dxy_regime,dxy_falling
CPI_GOLD_2016-04-01,cpi_gold_v1,CPI,2016-04-01,2016-04-01,first_gold_session_on_or_after_event_date,1222.199951,238.992,238.08,0.383065,inflation_pressure_up,1218.0,-0.343639,DOWN,1242.5,1.660943,UP,1289.199951,5.481918,UP,20,"After CPI changed by 0.383065% on 2016-04-01, gold moved 5.481918% over 20 trading days (UP).",94.620003,98.209999,-3.589996,low_dxy_regime,dxy_falling
CPI_GOLD_2016-05-01,cpi_gold_v1,CPI,2016-05-01,2016-05-02,first_gold_session_on_or_after_event_date,1294.699951,239.557,238.992,0.23641,inflation_pressure_up,1290.699951,-0.308952,DOWN,1265.599976,-2.247623,DOWN,1214.800049,-6.171307,DOWN,20,"After CPI changed by 0.23641% on 2016-05-01, gold moved -6.171307% over 20 trading days (DOWN).",93.080002,94.620003,-1.540001,low_dxy_regime,dxy_falling
CPI_GOLD_2016-06-01,cpi_gold_v1,CPI,2016-06-01,2016-06-01,first_gold_session_on_or_after_event_date,1211.900024,240.222,239.557,0.277596,inflation_pressure_up,1209.800049,-0.17328,DOWN,1259.800049,3.952473,UP,1323.900024,9.241686,UP,20,"After CPI changed by 0.277596% on 2016-06-01, gold moved 9.241686% over 20 trading days (UP).",95.459999,92.629997,2.830002,normal_dxy_regime,dxy_rising
CPI_GOLD_2016-07-01,cpi_gold_v1,CPI,2016-07-01,2016-07-01,first_gold_session_on_or_after_event_date,1336.699951,240.101,240.222,-0.05037,inflation_pressure_down,1356.400024,1.473784,UP,1355.0,1.369047,UP,1351.400024,1.099729,UP,1,"After CPI changed by -0.05037% on 2016-07-01, gold moved 1.473784% over 1 trading days (UP).",95.650002,95.459999,0.190002,normal_dxy_regime,dxy_flat
CPI_GOLD_2016-08-01,cpi_gold_v1,CPI,2016-08-01,2016-08-01,first_gold_session_on_or_after_event_date,1351.400024,240.545,240.101,0.184922,inflation_pressure_up,1364.400024,0.961965,UP,1333.400024,-1.331952,DOWN,1322.900024,-2.108924,DOWN,20,"After CPI changed by 0.184922% on 2016-08-01, gold moved -2.108924% over 20 trading days (DOWN).",95.709999,95.650002,0.059998,normal_dxy_regime,dxy_flat
CPI_GOLD_2016-09-01,cpi_gold_v1,CPI,2016-09-01,2016-09-01,first_gold_session_on_or_after_event_date,1312.199951,241.176,240.545,0.262321,inflation_pressure_up,1322.099976,0.75446,UP,1330.099976,1.364123,UP,1313.300049,0.083836,FLAT,5,"After CPI changed by 0.262321% on 2016-09-01, gold moved 1.364123% over 5 trading days (UP).",95.650002,95.059998,0.590004,normal_dxy_regime,dxy_flat
CPI_GOLD_2016-10-01,cpi_gold_v1,CPI,2016-10-01,2016-10-03,first_gold_session_on_or_after_event_date,1309.0,241.741,241.176,0.234269,inflation_pressure_up,1266.300049,-3.262028,DOWN,1253.0,-4.278075,DOWN,1286.400024,-1.726507,DOWN,5,"After CPI changed by 0.234269% on 2016-10-01, gold moved -4.278075% over 5 trading days (DOWN).",95.459999,95.650002,-0.190002,normal_dxy_regime,dxy_flat
CPI_GOLD_2016-11-01,cpi_gold_v1,CPI,2016-11-01,2016-11-01,first_gold_session_on_or_after_event_date,1286.400024,242.026,241.741,0.117895,inflation_pressure_up,1306.800049,1.585823,UP,1273.400024,-1.010572,DOWN,1166.900024,-9.28949,DOWN,20,"After CPI changed by 0.117895% on 2016-11-01, gold moved -9.28949% over 20 trading days (DOWN).",97.699997,95.459999,2.239998,normal_dxy_regime,dxy_rising
CPI_GOLD_2016-12-01,cpi_gold_v1,CPI,2016-12-01,2016-12-01,first_gold_session_on_or_after_event_date,1166.900024,242.637,242.026,0.252452,inflation_pressure_up,1175.099976,0.702712,UP,1169.800049,0.248524,UP,1150.0,-1.448284,DOWN,20,"After CPI changed by 0.252452% on 2016-12-01, gold moved -1.448284% over 20 trading days (DOWN).",101.040001,97.699997,3.340004,normal_dxy_regime,dxy_rising
CPI_GOLD_2017-01-01,cpi_gold_v1,CPI,2017-01-01,2017-01-03,first_gold_session_on_or_after_event_date,1160.400024,243.618,242.637,0.404308,inflation_pressure_up,1163.800049,0.293005,UP,1184.199951,2.051011,UP,1205.599976,3.895204,UP,20,"After CPI changed by 0.404308% on 2017-01-01, gold moved 3.895204% over 20 trading days (UP).",102.389999,100.769997,1.620003,normal_dxy_regime,dxy_rising
CPI_GOLD_2017-02-01,cpi_gold_v1,CPI,2017-02-01,2017-02-01,first_gold_session_on_or_after_event_date,1205.599976,244.006,243.618,0.159266,inflation_pressure_up,1216.699951,0.920701,UP,1237.599976,2.65428,UP,1231.900024,2.18149,UP,5,"After CPI changed by 0.159266% on 2017-02-01, gold moved 2.65428% over 5 trading days (UP).",99.639999,102.389999,-2.75,normal_dxy_regime,dxy_falling
CPI_GOLD_2017-03-01,cpi_gold_v1,CPI,2017-03-01,2017-03-01,first_gold_session_on_or_after_event_date,1248.900024,243.892,244.006,-0.04672,inflation_pressure_down,1231.900024,-1.361198,DOWN,1208.5,-3.234849,DOWN,1253.400024,0.360317,UP,5,"After CPI changed by -0.04672% on 2017-03-01, gold moved -3.234849% over 5 trading days (DOWN).",101.779999,100.43,1.349998,normal_dxy_regime,dxy_rising
CPI_GOLD_2017-04-01,cpi_gold_v1,CPI,2017-04-01,2017-04-03,first_gold_session_on_or_after_event_date,1250.800049,244.193,243.892,0.123415,inflation_pressure_up,1255.0,0.335781,UP,1251.099976,0.023979,FLAT,1255.099976,0.343774,UP,20,"After CPI changed by 0.123415% on 2017-04-01, gold moved 0.343774% over 20 trading days (UP).",100.349998,102.199997,-1.849998,normal_dxy_regime,dxy_falling
CPI_GOLD_2017-05-01,cpi_gold_v1,CPI,2017-05-01,2017-05-01,first_gold_session_on_or_after_event_date,1253.300049,244.004,244.193,-0.077398,inflation_pressure_down,1255.099976,0.143615,UP,1225.300049,-2.234102,DOWN,1262.099976,0.70214,UP,5,"After CPI changed by -0.077398% on 2017-05-01, gold moved -2.234102% over 5 trading days (DOWN).",99.139999,100.349998,-1.209999,normal_dxy_regime,dxy_falling
CPI_GOLD_2017-06-01,cpi_gold_v1,CPI,2017-06-01,2017-06-01,first_gold_session_on_or_after_event_date,1267.0,244.163,244.004,0.065163,inflation_pressure_up,1276.800049,0.773485,UP,1276.300049,0.734021,UP,1244.199951,-1.79953,DOWN,20,"After CPI changed by 0.065163% on 2017-06-01, gold moved -1.79953% over 20 trading days (DOWN).",97.199997,98.980003,-1.780006,normal_dxy_regime,dxy_falling
CPI_GOLD_2017-07-01,cpi_gold_v1,CPI,2017-07-01,2017-07-03,first_gold_session_on_or_after_event_date,1217.900024,244.243,244.163,0.032765,inflation_pressure_up,1220.400024,0.205271,UP,1213.599976,-0.353071,DOWN,1272.599976,4.491333,UP,20,"After CPI changed by 0.032765% on 2017-07-01, gold moved 4.491333% over 20 trading days (UP).",95.660004,97.199997,-1.539993,normal_dxy_regime,dxy_falling
CPI_GOLD_2017-08-01,cpi_gold_v1,CPI,2017-08-01,2017-08-01,first_gold_session_on_or_after_event_date,1272.599976,245.183,244.243,0.384863,inflation_pressure_up,1271.800049,-0.062858,FLAT,1256.400024,-1.272981,DOWN,1313.099976,3.182461,UP,20,"After CPI changed by 0.384863% on 2017-08-01, gold moved 3.182461% over 20 trading days (UP).",93.029999,95.660004,-2.630005,low_dxy_regime,dxy_falling
CPI_GOLD_2017-09-01,cpi_gold_v1,CPI,2017-09-01,2017-09-01,first_gold_session_on_or_after_event_date,1324.5,246.435,245.183,0.510639,inflation_pressure_up,1339.199951,1.109849,UP,1331.0,0.490751,UP,1272.699951,-3.910913,DOWN,20,"After CPI changed by 0.510639% on 2017-09-01, gold moved -3.910913% over 20 trading days (DOWN).",92.809998,92.830002,-0.020004,low_dxy_regime,dxy_flat
CPI_GOLD_2017-10-01,cpi_gold_v1,CPI,2017-10-01,2017-10-02,first_gold_session_on_or_after_event_date,1272.699951,246.626,246.435,0.077505,inflation_pressure_up,1271.5,-0.094284,FLAT,1281.800049,0.715023,UP,1274.099976,0.110004,UP,5,"After CPI changed by 0.077505% on 2017-10-01, gold moved 0.715023% over 5 trading days (UP).",93.080002,92.809998,0.270004,low_dxy_regime,dxy_flat
CPI_GOLD_2017-11-01,cpi_gold_v1,CPI,2017-11-01,2017-11-01,first_gold_session_on_or_after_event_date,1274.099976,247.284,246.626,0.266801,inflation_pressure_up,1274.900024,0.062793,FLAT,1281.599976,0.588651,UP,1273.199951,-0.07064,FLAT,5,"After CPI changed by 0.266801% on 2017-11-01, gold moved 0.588651% over 5 trading days (UP).",94.82,93.559998,1.260002,low_dxy_regime,dxy_rising
CPI_GOLD_2017-12-01,cpi_gold_v1,CPI,2017-12-01,2017-12-01,first_gold_session_on_or_after_event_date,1278.800049,247.805,247.284,0.210689,inflation_pressure_up,1274.300049,-0.351892,DOWN,1245.199951,-2.627471,DOWN,1313.699951,2.729113,UP,20,"After CPI changed by 0.210689% on 2017-12-01, gold moved 2.729113% over 20 trading days (UP).",92.900002,94.82,-1.919998,low_dxy_regime,dxy_falling
CPI_GOLD_2018-01-01,cpi_gold_v1,CPI,2018-01-01,2018-01-02,first_gold_session_on_or_after_event_date,1313.699951,248.859,247.805,0.425334,inflation_pressure_up,1316.199951,0.190302,UP,1311.699951,-0.152242,DOWN,1344.300049,2.329306,UP,20,"After CPI changed by 0.425334% on 2018-01-01, gold moved 2.329306% over 20 trading days (UP).",92.120003,92.900002,-0.779999,low_dxy_regime,dxy_flat
CPI_GOLD_2018-02-01,cpi_gold_v1,CPI,2018-02-01,2018-02-01,first_gold_session_on_or_after_event_date,1344.300049,249.529,248.859,0.269229,inflation_pressure_up,1333.699951,-0.788522,DOWN,1316.900024,-2.038237,DOWN,1321.099976,-1.725811,DOWN,5,"After CPI changed by 0.269229% on 2018-02-01, gold moved -2.038237% over 5 trading days (DOWN).",88.669998,91.849998,-3.18,low_dxy_regime,dxy_falling
CPI_GOLD_2018-03-01,cpi_gold_v1,CPI,2018-03-01,2018-03-01,first_gold_session_on_or_after_event_date,1302.900024,249.577,249.529,0.019236,inflation_pressure_up,1321.099976,1.39688,UP,1319.900024,1.304782,UP,1322.800049,1.527364,UP,20,"After CPI changed by 0.019236% on 2018-03-01, gold moved 1.527364% over 20 trading days (UP).",90.32,89.190002,1.129997,low_dxy_regime,dxy_rising
CPI_GOLD_2018-04-01,cpi_gold_v1,CPI,2018-04-01,2018-04-02,first_gold_session_on_or_after_event_date,1342.099976,250.227,249.577,0.260441,inflation_pressure_up,1332.800049,-0.692938,DOWN,1336.300049,-0.432153,DOWN,1316.199951,-1.929813,DOWN,20,"After CPI changed by 0.260441% on 2018-04-01, gold moved -1.929813% over 20 trading days (DOWN).",90.150002,89.940002,0.209999,low_dxy_regime,dxy_flat
CPI_GOLD_2018-05-01,cpi_gold_v1,CPI,2018-05-01,2018-05-01,first_gold_session_on_or_after_event_date,1303.800049,250.792,250.227,0.225795,inflation_pressure_up,1302.599976,-0.092044,FLAT,1312.0,0.628927,UP,1301.5,-0.176411,DOWN,5,"After CPI changed by 0.225795% on 2018-05-01, gold moved 0.628927% over 5 trading days (UP).",92.449997,90.150002,2.299995,low_dxy_regime,dxy_rising
CPI_GOLD_2018-06-01,cpi_gold_v1,CPI,2018-06-01,2018-06-01,first_gold_session_on_or_after_event_date,1294.800049,251.018,250.792,0.090115,inflation_pressure_up,1293.099976,-0.1313,DOWN,1298.099976,0.25486,UP,1251.300049,-3.359592,DOWN,20,"After CPI changed by 0.090115% on 2018-06-01, gold moved -3.359592% over 20 trading days (DOWN).",94.190002,92.510002,1.68,low_dxy_regime,dxy_rising
CPI_GOLD_2018-07-01,cpi_gold_v1,CPI,2018-07-01,2018-07-02,first_gold_session_on_or_after_event_date,1239.800049,251.214,251.018,0.078082,inflation_pressure_up,1251.599976,0.95176,UP,1253.800049,1.129214,UP,1223.699951,-1.298604,DOWN,20,"After CPI changed by 0.078082% on 2018-07-01, gold moved -1.298604% over 20 trading days (DOWN).",94.629997,94.190002,0.439995,low_dxy_regime,dxy_flat
CPI_GOLD_2018-08-01,cpi_gold_v1,CPI,2018-08-01,2018-08-01,first_gold_session_on_or_after_event_date,1217.900024,251.663,251.214,0.178732,inflation_pressure_up,1210.599976,-0.599396,DOWN,1212.599976,-0.435179,DOWN,1204.5,-1.100257,DOWN,20,"After CPI changed by 0.178732% on 2018-08-01, gold moved -1.100257% over 20 trading days (DOWN).",94.620003,94.870003,-0.25,low_dxy_regime,dxy_flat
CPI_GOLD_2018-09-01,cpi_gold_v1,CPI,2018-09-01,2018-09-04,first_gold_session_on_or_after_event_date,1192.699951,252.182,251.663,0.206228,inflation_pressure_up,1194.900024,0.184462,UP,1195.400024,0.226383,UP,1202.400024,0.813287,UP,20,"After CPI changed by 0.206228% on 2018-09-01, gold moved 0.813287% over 20 trading days (UP).",95.139999,95.169998,-0.029999,normal_dxy_regime,dxy_flat
CPI_GOLD_2018-10-01,cpi_gold_v1,CPI,2018-10-01,2018-10-01,first_gold_session_on_or_after_event_date,1187.099976,252.772,252.182,0.233958,inflation_pressure_up,1202.400024,1.288859,UP,1184.400024,-0.227441,DOWN,1224.5,3.150537,UP,20,"After CPI changed by 0.233958% on 2018-10-01, gold moved 3.150537% over 20 trading days (UP).",95.300003,95.139999,0.160004,normal_dxy_regime,dxy_flat
CPI_GOLD_2018-11-01,cpi_gold_v1,CPI,2018-11-01,2018-11-01,first_gold_session_on_or_after_event_date,1236.0,252.594,252.772,-0.070419,inflation_pressure_down,1230.900024,-0.412619,DOWN,1222.900024,-1.059869,DOWN,1220.199951,-1.278321,DOWN,20,"After CPI changed by -0.070419% on 2018-11-01, gold moved -1.278321% over 20 trading days (DOWN).",96.279999,95.510002,0.769997,normal_dxy_regime,dxy_flat
CPI_GOLD_2018-12-01,cpi_gold_v1,CPI,2018-12-01,2018-12-03,first_gold_session_on_or_after_event_date,1233.900024,252.767,252.594,0.068489,inflation_pressure_up,1241.099976,0.583512,UP,1241.900024,0.648351,UP,1291.800049,4.69244,UP,20,"After CPI changed by 0.068489% on 2018-12-01, gold moved 4.69244% over 20 trading days (UP).",97.269997,96.279999,0.989998,normal_dxy_regime,dxy_flat
CPI_GOLD_2019-01-01,cpi_gold_v1,CPI,2019-01-01,2019-01-02,first_gold_session_on_or_after_event_date,1281.0,252.561,252.767,-0.081498,inflation_pressure_down,1291.800049,0.843095,UP,1289.300049,0.647935,UP,1319.699951,3.021073,UP,20,"After CPI changed by -0.081498% on 2019-01-01, gold moved 3.021073% over 20 trading days (UP).",96.169998,97.269997,-1.099998,normal_dxy_regime,dxy_falling
CPI_GOLD_2019-02-01,cpi_gold_v1,CPI,2019-02-01,2019-02-01,first_gold_session_on_or_after_event_date,1316.900024,253.319,252.561,0.300126,inflation_pressure_up,1314.300049,-0.197432,DOWN,1313.699951,-0.243,DOWN,1284.800049,-2.437541,DOWN,20,"After CPI changed by 0.300126% on 2019-02-01, gold moved -2.437541% over 20 trading days (DOWN).",95.580002,96.82,-1.239998,normal_dxy_regime,dxy_falling
CPI_GOLD_2019-03-01,cpi_gold_v1,CPI,2019-03-01,2019-03-01,first_gold_session_on_or_after_event_date,1296.400024,254.277,253.319,0.378179,inflation_pressure_up,1284.800049,-0.894784,DOWN,1297.0,0.04628,FLAT,1293.0,-0.262267,DOWN,1,"After CPI changed by 0.378179% on 2019-03-01, gold moved -0.894784% over 1 trading days (DOWN).",96.529999,95.339996,1.190002,normal_dxy_regime,dxy_rising
CPI_GOLD_2019-04-01,cpi_gold_v1,CPI,2019-04-01,2019-04-01,first_gold_session_on_or_after_event_date,1288.400024,255.233,254.277,0.375968,inflation_pressure_up,1290.0,0.124183,UP,1297.099976,0.675252,UP,1282.800049,-0.434646,DOWN,5,"After CPI changed by 0.375968% on 2019-04-01, gold moved 0.675252% over 5 trading days (UP).",97.25,96.529999,0.720001,normal_dxy_regime,dxy_flat
CPI_GOLD_2019-05-01,cpi_gold_v1,CPI,2019-05-01,2019-05-01,first_gold_session_on_or_after_event_date,1281.400024,255.296,255.233,0.024683,inflation_pressure_up,1269.699951,-0.91307,DOWN,1279.400024,-0.156079,DOWN,1287.099976,0.444822,UP,1,"After CPI changed by 0.024683% on 2019-05-01, gold moved -0.91307% over 1 trading days (DOWN).",97.690002,97.25,0.440002,normal_dxy_regime,dxy_flat
CPI_GOLD_2019-06-01,cpi_gold_v1,CPI,2019-06-01,2019-06-03,first_gold_session_on_or_after_event_date,1322.699951,255.213,255.296,-0.032511,inflation_pressure_down,1323.400024,0.052928,FLAT,1324.699951,0.151206,UP,1385.599976,4.755427,UP,20,"After CPI changed by -0.032511% on 2019-06-01, gold moved 4.755427% over 20 trading days (UP).",97.75,97.830002,-0.080002,normal_dxy_regime,dxy_flat
CPI_GOLD_2019-07-01,cpi_gold_v1,CPI,2019-07-01,2019-07-01,first_gold_session_on_or_after_event_date,1385.599976,255.802,255.213,0.230788,inflation_pressure_up,1404.599976,1.371247,UP,1397.5,0.858835,UP,1429.699951,3.182735,UP,20,"After CPI changed by 0.230788% on 2019-07-01, gold moved 3.182735% over 20 trading days (UP).",96.839996,97.75,-0.910004,normal_dxy_regime,dxy_flat
CPI_GOLD_2019-08-01,cpi_gold_v1,CPI,2019-08-01,2019-08-01,first_gold_session_on_or_after_event_date,1420.900024,256.036,255.802,0.091477,inflation_pressure_up,1445.599976,1.738331,UP,1497.699951,5.40502,UP,1526.5,7.431908,UP,20,"After CPI changed by 0.091477% on 2019-08-01, gold moved 7.431908% over 20 trading days (UP).",98.389999,96.730003,1.659996,normal_dxy_regime,dxy_rising
CPI_GOLD_2019-09-01,cpi_gold_v1,CPI,2019-09-01,2019-09-03,first_gold_session_on_or_after_event_date,1545.900024,256.43,256.036,0.153885,inflation_pressure_up,1550.300049,0.284625,UP,1490.300049,-3.596609,DOWN,1482.0,-4.133516,DOWN,20,"After CPI changed by 0.153885% on 2019-09-01, gold moved -4.133516% over 20 trading days (DOWN).",98.919998,98.099998,0.82,normal_dxy_regime,dxy_flat
CPI_GOLD_2019-10-01,cpi_gold_v1,CPI,2019-10-01,2019-10-01,first_gold_session_on_or_after_event_date,1482.0,257.155,256.43,0.282728,inflation_pressure_up,1501.0,1.282051,UP,1497.199951,1.025638,UP,1487.0,0.337382,UP,1,"After CPI changed by 0.282728% on 2019-10-01, gold moved 1.282051% over 1 trading days (UP).",99.129997,98.919998,0.209999,normal_dxy_regime,dxy_flat
CPI_GOLD_2019-11-01,cpi_gold_v1,CPI,2019-11-01,2019-11-01,first_gold_session_on_or_after_event_date,1508.0,257.879,257.155,0.281542,inflation_pressure_up,1508.0,0.0,FLAT,1461.300049,-3.096814,DOWN,1462.300049,-3.030501,DOWN,5,"After CPI changed by 0.281542% on 2019-11-01, gold moved -3.096814% over 5 trading days (DOWN).",97.239998,99.040001,-1.800003,normal_dxy_regime,dxy_falling
CPI_GOLD_2019-12-01,cpi_gold_v1,CPI,2019-12-01,2019-12-02,first_gold_session_on_or_after_event_date,1462.300049,258.63,257.879,0.291222,inflation_pressure_up,1478.199951,1.087321,UP,1459.300049,-0.205156,DOWN,1519.5,3.911643,UP,20,"After CPI changed by 0.291222% on 2019-12-01, gold moved 3.911643% over 20 trading days (UP).",98.269997,97.239998,1.029999,normal_dxy_regime,dxy_rising
CPI_GOLD_2020-01-01,cpi_gold_v1,CPI,2020-01-01,2020-01-02,first_gold_session_on_or_after_event_date,1524.5,259.127,258.63,0.192166,inflation_pressure_up,1549.199951,1.6202,UP,1551.699951,1.784188,UP,1582.900024,3.830766,UP,20,"After CPI changed by 0.192166% on 2020-01-01, gold moved 3.830766% over 20 trading days (UP).",96.389999,97.860001,-1.470001,normal_dxy_regime,dxy_falling
CPI_GOLD_2020-02-01,cpi_gold_v1,CPI,2020-02-01,2020-02-03,first_gold_session_on_or_after_event_date,1577.199951,259.25,259.127,0.047467,inflation_pressure_up,1550.400024,-1.699209,DOWN,1574.699951,-0.158509,DOWN,1642.099976,4.114889,UP,20,"After CPI changed by 0.047467% on 2020-02-01, gold moved 4.114889% over 20 trading days (UP).",97.389999,96.849998,0.540001,normal_dxy_regime,dxy_flat
CPI_GOLD_2020-03-01,cpi_gold_v1,CPI,2020-03-01,2020-03-02,first_gold_session_on_or_after_event_date,1592.300049,258.076,259.25,-0.452845,inflation_pressure_down,1642.099976,3.127547,UP,1674.5,5.162341,UP,1622.0,1.865223,UP,5,"After CPI changed by -0.452845% on 2020-03-01, gold moved 5.162341% over 5 trading days (UP).",98.129997,97.389999,0.739998,normal_dxy_regime,dxy_flat
CPI_GOLD_2020-04-01,cpi_gold_v1,CPI,2020-04-01,2020-04-01,first_gold_session_on_or_after_event_date,1578.199951,256.032,258.076,-0.792015,inflation_pressure_down,1625.699951,3.009758,UP,1665.400024,5.525287,UP,1684.199951,6.716513,UP,20,"After CPI changed by -0.792015% on 2020-04-01, gold moved 6.716513% over 20 trading days (UP).",99.669998,97.360001,2.309998,normal_dxy_regime,dxy_rising
CPI_GOLD_2020-05-01,cpi_gold_v1,CPI,2020-05-01,2020-05-01,first_gold_session_on_or_after_event_date,1694.5,255.802,256.032,-0.089833,inflation_pressure_down,1706.900024,0.731781,UP,1709.900024,0.908824,UP,1737.800049,2.555329,UP,20,"After CPI changed by -0.089833% on 2020-05-01, gold moved 2.555329% over 20 trading days (UP).",98.800003,99.669998,-0.869995,normal_dxy_regime,dxy_flat
CPI_GOLD_2020-06-01,cpi_gold_v1,CPI,2020-06-01,2020-06-01,first_gold_session_on_or_after_event_date,1737.800049,257.042,255.802,0.48475,inflation_pressure_up,1725.199951,-0.72506,DOWN,1698.300049,-2.272989,DOWN,1774.800049,2.129129,UP,5,"After CPI changed by 0.48475% on 2020-06-01, gold moved -2.272989% over 5 trading days (DOWN).",97.830002,98.800003,-0.970001,normal_dxy_regime,dxy_flat
CPI_GOLD_2020-07-01,cpi_gold_v1,CPI,2020-07-01,2020-07-01,first_gold_session_on_or_after_event_date,1773.199951,258.352,257.042,0.509644,inflation_pressure_up,1784.0,0.609071,UP,1799.199951,1.466276,UP,1942.300049,9.536437,UP,20,"After CPI changed by 0.509644% on 2020-07-01, gold moved 9.536437% over 20 trading days (UP).",97.199997,97.830002,-0.630005,normal_dxy_regime,dxy_flat
CPI_GOLD_2020-08-01,cpi_gold_v1,CPI,2020-08-01,2020-08-03,first_gold_session_on_or_after_event_date,1966.0,259.316,258.352,0.373134,inflation_pressure_up,2001.199951,1.790435,UP,2024.400024,2.9705,UP,1967.599976,0.081382,FLAT,5,"After CPI changed by 0.373134% on 2020-08-01, gold moved 2.9705% over 5 trading days (UP).",93.489998,97.32,-3.830002,low_dxy_regime,dxy_falling
CPI_GOLD_2020-09-01,cpi_gold_v1,CPI,2020-09-01,2020-09-01,first_gold_session_on_or_after_event_date,1968.199951,259.997,259.316,0.262614,inflation_pressure_up,1934.400024,-1.717301,DOWN,1944.699951,-1.193984,DOWN,1887.5,-4.100191,DOWN,20,"After CPI changed by 0.262614% on 2020-09-01, gold moved -4.100191% over 20 trading days (DOWN).",92.339996,93.489998,-1.150002,low_dxy_regime,dxy_falling
CPI_GOLD_2020-10-01,cpi_gold_v1,CPI,2020-10-01,2020-10-01,first_gold_session_on_or_after_event_date,1908.400024,260.319,259.997,0.123848,inflation_pressure_up,1900.199951,-0.429683,DOWN,1888.599976,-1.037521,DOWN,1865.599976,-2.242719,DOWN,20,"After CPI changed by 0.123848% on 2020-10-01, gold moved -2.242719% over 20 trading days (DOWN).",93.709999,92.339996,1.370003,low_dxy_regime,dxy_rising
CPI_GOLD_2020-11-01,cpi_gold_v1,CPI,2020-11-01,2020-11-02,first_gold_session_on_or_after_event_date,1890.400024,260.911,260.319,0.227413,inflation_pressure_up,1908.5,0.957468,UP,1853.199951,-1.967841,DOWN,1814.099976,-4.036185,DOWN,20,"After CPI changed by 0.227413% on 2020-11-01, gold moved -4.036185% over 20 trading days (DOWN).",94.040001,93.839996,0.200005,low_dxy_regime,dxy_flat
CPI_GOLD_2020-12-01,cpi_gold_v1,CPI,2020-12-01,2020-12-01,first_gold_session_on_or_after_event_date,1814.099976,262.045,260.911,0.434631,inflation_pressure_up,1825.699951,0.639434,UP,1870.800049,3.125521,UP,1891.0,4.239018,UP,20,"After CPI changed by 0.434631% on 2020-12-01, gold moved 4.239018% over 20 trading days (UP).",91.309998,94.040001,-2.730003,low_dxy_regime,dxy_falling
CPI_GOLD_2021-01-01,cpi_gold_v1,CPI,2021-01-01,2021-01-04,first_gold_session_on_or_after_event_date,1944.699951,262.687,262.045,0.244996,inflation_pressure_up,1952.699951,0.411375,UP,1849.599976,-4.890213,DOWN,1830.5,-5.872369,DOWN,20,"After CPI changed by 0.244996% on 2021-01-01, gold moved -5.872369% over 20 trading days (DOWN).",89.940002,91.120003,-1.18,low_dxy_regime,dxy_falling
CPI_GOLD_2021-02-01,cpi_gold_v1,CPI,2021-02-01,2021-02-01,first_gold_session_on_or_after_event_date,1860.800049,263.579,262.687,0.339568,inflation_pressure_up,1830.5,-1.628334,DOWN,1831.900024,-1.553097,DOWN,1733.099976,-6.862643,DOWN,20,"After CPI changed by 0.339568% on 2021-02-01, gold moved -6.862643% over 20 trading days (DOWN).",91.019997,89.940002,1.079994,low_dxy_regime,dxy_rising
CPI_GOLD_2021-03-01,cpi_gold_v1,CPI,2021-03-01,2021-03-01,first_gold_session_on_or_after_event_date,1722.5,264.961,263.579,0.524321,inflation_pressure_up,1733.099976,0.615383,UP,1677.699951,-2.600874,DOWN,1712.099976,-0.603775,DOWN,5,"After CPI changed by 0.524321% on 2021-03-01, gold moved -2.600874% over 5 trading days (DOWN).",91.040001,90.580002,0.459999,low_dxy_regime,dxy_flat
CPI_GOLD_2021-04-01,cpi_gold_v1,CPI,2021-04-01,2021-04-01,first_gold_session_on_or_after_event_date,1726.5,266.614,264.961,0.623865,inflation_pressure_up,1727.0,0.02896,FLAT,1743.300049,0.97307,UP,1767.300049,2.363165,UP,20,"After CPI changed by 0.623865% on 2021-04-01, gold moved 2.363165% over 20 trading days (UP).",92.93,90.790001,2.139999,low_dxy_regime,dxy_rising
CPI_GOLD_2021-05-01,cpi_gold_v1,CPI,2021-05-01,2021-05-03,first_gold_session_on_or_after_event_date,1791.400024,268.383,266.614,0.663506,inflation_pressure_up,1775.800049,-0.870826,DOWN,1837.5,2.573405,UP,1902.900024,6.224182,UP,20,"After CPI changed by 0.663506% on 2021-05-01, gold moved 6.224182% over 20 trading days (UP).",91.279999,92.93,-1.650002,low_dxy_regime,dxy_falling
CPI_GOLD_2021-06-01,cpi_gold_v1,CPI,2021-06-01,2021-06-01,first_gold_session_on_or_after_event_date,1902.900024,270.654,268.383,0.846179,inflation_pressure_up,1907.5,0.241735,UP,1892.199951,-0.562303,DOWN,1762.800049,-7.362445,DOWN,20,"After CPI changed by 0.846179% on 2021-06-01, gold moved -7.362445% over 20 trading days (DOWN).",89.830002,91.279999,-1.449997,low_dxy_regime,dxy_falling
CPI_GOLD_2021-07-01,cpi_gold_v1,CPI,2021-07-01,2021-07-01,first_gold_session_on_or_after_event_date,1775.900024,271.903,270.654,0.461475,inflation_pressure_up,1782.599976,0.377271,UP,1810.0,1.920152,UP,1812.599976,2.066555,UP,20,"After CPI changed by 0.461475% on 2021-07-01, gold moved 2.066555% over 20 trading days (UP).",92.599998,89.830002,2.769997,low_dxy_regime,dxy_rising
CPI_GOLD_2021-08-01,cpi_gold_v1,CPI,2021-08-01,2021-08-02,first_gold_session_on_or_after_event_date,1818.099976,272.676,271.903,0.284293,inflation_pressure_up,1810.099976,-0.44002,DOWN,1723.400024,-5.208732,DOWN,1809.0,-0.500521,DOWN,5,"After CPI changed by 0.284293% on 2021-08-01, gold moved -5.208732% over 5 trading days (DOWN).",92.169998,92.230003,-0.060005,low_dxy_regime,dxy_flat
CPI_GOLD_2021-09-01,cpi_gold_v1,CPI,2021-09-01,2021-09-01,first_gold_session_on_or_after_event_date,1813.099976,273.91,272.676,0.452552,inflation_pressure_up,1808.699951,-0.24268,DOWN,1797.400024,-0.865918,DOWN,1755.300049,-3.187906,DOWN,20,"After CPI changed by 0.452552% on 2021-09-01, gold moved -3.187906% over 20 trading days (DOWN).",92.449997,92.050003,0.399994,low_dxy_regime,dxy_flat
CPI_GOLD_2021-10-01,cpi_gold_v1,CPI,2021-10-01,2021-10-01,first_gold_session_on_or_after_event_date,1757.0,276.55,273.91,0.96382,inflation_pressure_up,1766.199951,0.523617,UP,1756.300049,-0.039838,FLAT,1783.0,1.479795,UP,20,"After CPI changed by 0.96382% on 2021-10-01, gold moved 1.479795% over 20 trading days (UP).",94.040001,92.449997,1.590004,low_dxy_regime,dxy_rising
CPI_GOLD_2021-11-01,cpi_gold_v1,CPI,2021-11-01,2021-11-01,first_gold_session_on_or_after_event_date,1795.099976,278.919,276.55,0.856626,inflation_pressure_up,1788.699951,-0.356527,DOWN,1827.400024,1.799345,UP,1773.599976,-1.197705,DOWN,5,"After CPI changed by 0.856626% on 2021-11-01, gold moved 1.799345% over 5 trading days (UP).",93.879997,94.040001,-0.160004,low_dxy_regime,dxy_flat
CPI_GOLD_2021-12-01,cpi_gold_v1,CPI,2021-12-01,2021-12-01,first_gold_session_on_or_after_event_date,1781.599976,280.845,278.919,0.690523,inflation_pressure_up,1760.699951,-1.173104,DOWN,1783.400024,0.101036,UP,1812.699951,1.745621,UP,20,"After CPI changed by 0.690523% on 2021-12-01, gold moved 1.745621% over 20 trading days (UP).",96.050003,93.879997,2.170006,normal_dxy_regime,dxy_rising
CPI_GOLD_2022-01-01,cpi_gold_v1,CPI,2022-01-01,2022-01-03,first_gold_session_on_or_after_event_date,1799.400024,282.543,280.845,0.604604,inflation_pressure_up,1814.0,0.81138,UP,1798.400024,-0.055574,FLAT,1800.300049,0.050018,FLAT,1,"After CPI changed by 0.604604% on 2022-01-01, gold moved 0.81138% over 1 trading days (UP).",95.669998,96.129997,-0.459999,normal_dxy_regime,dxy_flat
CPI_GOLD_2022-02-01,cpi_gold_v1,CPI,2022-02-01,2022-02-01,first_gold_session_on_or_after_event_date,1800.300049,284.5,282.543,0.692638,inflation_pressure_up,1809.199951,0.494357,UP,1826.599976,1.460864,UP,1920.900024,6.698882,UP,20,"After CPI changed by 0.692638% on 2022-02-01, gold moved 6.698882% over 20 trading days (UP).",96.389999,95.669998,0.720001,normal_dxy_regime,dxy_flat
CPI_GOLD_2022-03-01,cpi_gold_v1,CPI,2022-03-01,2022-03-01,first_gold_session_on_or_after_event_date,1942.400024,287.674,284.5,1.115641,inflation_pressure_up,1920.900024,-1.106878,DOWN,2040.099976,5.029857,UP,1912.0,-1.565075,DOWN,5,"After CPI changed by 1.115641% on 2022-03-01, gold moved 5.029857% over 5 trading days (UP).",97.410004,97.269997,0.140007,normal_dxy_regime,dxy_flat
CPI_GOLD_2022-04-01,cpi_gold_v1,CPI,2022-04-01,2022-04-01,first_gold_session_on_or_after_event_date,1919.099976,288.561,287.674,0.308335,inflation_pressure_up,1929.199951,0.526287,UP,1941.599976,1.172425,UP,1861.800049,-2.985771,DOWN,20,"After CPI changed by 0.308335% on 2022-04-01, gold moved -2.985771% over 20 trading days (DOWN).",98.629997,97.389999,1.239998,normal_dxy_regime,dxy_rising
CPI_GOLD_2022-05-01,cpi_gold_v1,CPI,2022-05-01,2022-05-02,first_gold_session_on_or_after_event_date,1861.800049,291.298,288.561,0.9485,inflation_pressure_up,1868.800049,0.37598,UP,1857.099976,-0.252448,DOWN,1842.699951,-1.025894,DOWN,20,"After CPI changed by 0.9485% on 2022-05-01, gold moved -1.025894% over 20 trading days (DOWN).",102.959999,98.629997,4.330002,normal_dxy_regime,dxy_rising
CPI_GOLD_2022-06-01,cpi_gold_v1,CPI,2022-06-01,2022-06-01,first_gold_session_on_or_after_event_date,1843.300049,294.957,291.298,1.256102,inflation_pressure_up,1866.5,1.25861,UP,1851.900024,0.466553,UP,1804.099976,-2.126625,DOWN,20,"After CPI changed by 1.256102% on 2022-06-01, gold moved -2.126625% over 20 trading days (DOWN).",102.550003,103.739998,-1.189995,normal_dxy_regime,dxy_falling
CPI_GOLD_2022-07-01,cpi_gold_v1,CPI,2022-07-01,2022-07-01,first_gold_session_on_or_after_event_date,1798.900024,294.913,294.957,-0.014917,inflation_pressure_down,1761.800049,-2.06237,DOWN,1730.0,-3.83012,DOWN,1769.0,-1.662128,DOWN,5,"After CPI changed by -0.014917% on 2022-07-01, gold moved -3.83012% over 5 trading days (DOWN).",105.139999,102.550003,2.589996,high_dxy_regime,dxy_rising
CPI_GOLD_2022-08-01,cpi_gold_v1,CPI,2022-08-01,2022-08-01,first_gold_session_on_or_after_event_date,1769.0,295.097,294.913,0.062391,inflation_pressure_up,1771.099976,0.11871,UP,1786.800049,1.006221,UP,1736.599976,-1.831545,DOWN,20,"After CPI changed by 0.062391% on 2022-08-01, gold moved -1.831545% over 20 trading days (DOWN).",105.449997,105.139999,0.309998,high_dxy_regime,dxy_flat
CPI_GOLD_2022-09-01,cpi_gold_v1,CPI,2022-09-01,2022-09-01,first_gold_session_on_or_after_event_date,1696.599976,296.349,295.097,0.424267,inflation_pressure_up,1709.800049,0.778031,UP,1716.199951,1.15525,UP,1662.400024,-2.015793,DOWN,20,"After CPI changed by 0.424267% on 2022-09-01, gold moved -2.015793% over 20 trading days (DOWN).",109.690002,106.239998,3.450005,high_dxy_regime,dxy_rising
CPI_GOLD_2022-10-01,cpi_gold_v1,CPI,2022-10-01,2022-10-03,first_gold_session_on_or_after_event_date,1692.900024,298.007,296.349,0.559475,inflation_pressure_up,1721.099976,1.665778,UP,1667.300049,-1.512197,DOWN,1635.900024,-3.367003,DOWN,20,"After CPI changed by 0.559475% on 2022-10-01, gold moved -3.367003% over 20 trading days (DOWN).",112.120003,109.690002,2.43,high_dxy_regime,dxy_rising
CPI_GOLD_2022-11-01,cpi_gold_v1,CPI,2022-11-01,2022-11-01,first_gold_session_on_or_after_event_date,1645.0,298.786,298.007,0.261403,inflation_pressure_up,1645.699951,0.04255,FLAT,1712.099976,4.079026,UP,1746.0,6.139818,UP,20,"After CPI changed by 0.261403% on 2022-11-01, gold moved 6.139818% over 20 trading days (UP).",111.480003,112.120003,-0.639999,high_dxy_regime,dxy_flat
CPI_GOLD_2022-12-01,cpi_gold_v1,CPI,2022-12-01,2022-12-01,first_gold_session_on_or_after_event_date,1801.099976,298.832,298.786,0.015396,inflation_pressure_up,1795.900024,-0.28871,DOWN,1788.699951,-0.68847,DOWN,1819.699951,1.032701,UP,20,"After CPI changed by 0.015396% on 2022-12-01, gold moved 1.032701% over 20 trading days (UP).",104.730003,111.480003,-6.75,normal_dxy_regime,dxy_falling
CPI_GOLD_2023-01-01,cpi_gold_v1,CPI,2023-01-01,2023-01-03,first_gold_session_on_or_after_event_date,1839.699951,300.42,298.832,0.531402,inflation_pressure_up,1852.800049,0.712078,UP,1871.599976,1.73398,UP,1927.800049,4.78883,UP,20,"After CPI changed by 0.531402% on 2023-01-01, gold moved 4.78883% over 20 trading days (UP).",103.519997,104.550003,-1.030006,normal_dxy_regime,dxy_falling
CPI_GOLD_2023-02-01,cpi_gold_v1,CPI,2023-02-01,2023-02-01,first_gold_session_on_or_after_event_date,1927.800049,301.45,300.42,0.342853,inflation_pressure_up,1916.300049,-0.596535,DOWN,1877.400024,-2.61438,DOWN,1833.5,-4.891589,DOWN,20,"After CPI changed by 0.342853% on 2023-02-01, gold moved -4.891589% over 20 trading days (DOWN).",101.220001,103.519997,-2.299995,normal_dxy_regime,dxy_falling
CPI_GOLD_2023-03-01,cpi_gold_v1,CPI,2023-03-01,2023-03-01,first_gold_session_on_or_after_event_date,1837.699951,301.821,301.45,0.123072,inflation_pressure_up,1833.5,-0.228544,DOWN,1812.699951,-1.360396,DOWN,1966.099976,6.986996,UP,20,"After CPI changed by 0.123072% on 2023-03-01, gold moved 6.986996% over 20 trading days (UP).",104.480003,102.279999,2.200005,normal_dxy_regime,dxy_rising
CPI_GOLD_2023-04-01,cpi_gold_v1,CPI,2023-04-01,2023-04-03,first_gold_session_on_or_after_event_date,1983.900024,302.845,301.821,0.339274,inflation_pressure_up,2022.199951,1.930537,UP,2004.800049,1.053482,UP,2014.300049,1.532337,UP,1,"After CPI changed by 0.339274% on 2023-04-01, gold moved 1.930537% over 1 trading days (UP).",102.510002,105.029999,-2.519997,normal_dxy_regime,dxy_falling
CPI_GOLD_2023-05-01,cpi_gold_v1,CPI,2023-05-01,2023-05-01,first_gold_session_on_or_after_event_date,1983.400024,303.334,302.845,0.161469,inflation_pressure_up,2014.300049,1.557932,UP,2026.300049,2.162954,UP,1958.0,-1.28063,DOWN,5,"After CPI changed by 0.161469% on 2023-05-01, gold moved 2.162954% over 5 trading days (UP).",102.150002,102.510002,-0.360001,normal_dxy_regime,dxy_flat
CPI_GOLD_2023-06-01,cpi_gold_v1,CPI,2023-06-01,2023-06-01,first_gold_session_on_or_after_event_date,1978.0,304.014,303.334,0.224175,inflation_pressure_up,1952.400024,-1.294235,DOWN,1963.599976,-0.728009,DOWN,1921.099976,-2.876644,DOWN,20,"After CPI changed by 0.224175% on 2023-06-01, gold moved -2.876644% over 20 trading days (DOWN).",103.559998,101.959999,1.599998,normal_dxy_regime,dxy_rising
CPI_GOLD_2023-07-01,cpi_gold_v1,CPI,2023-07-01,2023-07-03,first_gold_session_on_or_after_event_date,1921.699951,304.609,304.014,0.195715,inflation_pressure_up,1919.599976,-0.109277,DOWN,1931.300049,0.499563,UP,1940.699951,0.988708,UP,20,"After CPI changed by 0.195715% on 2023-07-01, gold moved 0.988708% over 20 trading days (UP).",102.910004,103.559998,-0.649994,normal_dxy_regime,dxy_flat
CPI_GOLD_2023-08-01,cpi_gold_v1,CPI,2023-08-01,2023-08-01,first_gold_session_on_or_after_event_date,1940.699951,306.082,304.609,0.483571,inflation_pressure_up,1937.400024,-0.170038,DOWN,1924.099976,-0.85536,DOWN,1936.5,-0.216414,DOWN,5,"After CPI changed by 0.483571% on 2023-08-01, gold moved -0.85536% over 5 trading days (DOWN).",102.300003,102.910004,-0.610001,normal_dxy_regime,dxy_flat
CPI_GOLD_2023-09-01,cpi_gold_v1,CPI,2023-09-01,2023-09-01,first_gold_session_on_or_after_event_date,1939.800049,307.276,306.082,0.390092,inflation_pressure_up,1926.199951,-0.701108,DOWN,1923.300049,-0.850603,DOWN,1830.0,-5.66038,DOWN,20,"After CPI changed by 0.390092% on 2023-09-01, gold moved -5.66038% over 20 trading days (DOWN).",104.239998,102.589996,1.650002,normal_dxy_regime,dxy_rising
CPI_GOLD_2023-10-01,cpi_gold_v1,CPI,2023-10-01,2023-10-02,first_gold_session_on_or_after_event_date,1830.0,307.696,307.276,0.136685,inflation_pressure_up,1824.599976,-0.295083,DOWN,1849.5,1.065574,UP,1996.199951,9.081965,UP,20,"After CPI changed by 0.136685% on 2023-10-01, gold moved 9.081965% over 20 trading days (UP).",106.169998,104.239998,1.93,high_dxy_regime,dxy_rising
CPI_GOLD_2023-11-01,cpi_gold_v1,CPI,2023-11-01,2023-11-01,first_gold_session_on_or_after_event_date,1978.800049,308.148,307.696,0.146898,inflation_pressure_up,1985.599976,0.343639,UP,1951.5,-1.379626,DOWN,2038.099976,2.996762,UP,20,"After CPI changed by 0.146898% on 2023-11-01, gold moved 2.996762% over 20 trading days (UP).",106.879997,106.900002,-0.020004,high_dxy_regime,dxy_flat
CPI_GOLD_2023-12-01,cpi_gold_v1,CPI,2023-12-01,2023-12-01,first_gold_session_on_or_after_event_date,2071.0,308.741,308.148,0.19244,inflation_pressure_up,2024.099976,-2.264608,DOWN,1998.300049,-3.510379,DOWN,2064.399902,-0.318691,DOWN,5,"After CPI changed by 0.19244% on 2023-12-01, gold moved -3.510379% over 5 trading days (DOWN).",103.269997,106.879997,-3.610001,normal_dxy_regime,dxy_falling
CPI_GOLD_2024-01-01,cpi_gold_v1,CPI,2024-01-01,2024-01-02,first_gold_session_on_or_after_event_date,2064.399902,309.698,308.741,0.309969,inflation_pressure_up,2034.199951,-1.462892,DOWN,2026.400024,-1.840723,DOWN,2048.399902,-0.775044,DOWN,5,"After CPI changed by 0.309969% on 2024-01-01, gold moved -1.840723% over 5 trading days (DOWN).",101.330002,103.269997,-1.939995,normal_dxy_regime,dxy_falling
CPI_GOLD_2024-02-01,cpi_gold_v1,CPI,2024-02-01,2024-02-01,first_gold_session_on_or_after_event_date,2053.0,310.967,309.698,0.409754,inflation_pressure_up,2036.099976,-0.823187,DOWN,2032.199951,-1.013154,DOWN,2086.899902,1.651237,UP,20,"After CPI changed by 0.409754% on 2024-02-01, gold moved 1.651237% over 20 trading days (UP).",103.050003,102.199997,0.850006,normal_dxy_regime,dxy_flat
CPI_GOLD_2024-03-01,cpi_gold_v1,CPI,2024-03-01,2024-03-01,first_gold_session_on_or_after_event_date,2086.899902,312.345,310.967,0.443134,inflation_pressure_up,2117.699951,1.475876,UP,2178.600098,4.394087,UP,2236.5,7.168532,UP,20,"After CPI changed by 0.443134% on 2024-03-01, gold moved 7.168532% over 20 trading days (UP).",103.860001,103.269997,0.590004,normal_dxy_regime,dxy_flat
CPI_GOLD_2024-04-01,cpi_gold_v1,CPI,2024-04-01,2024-04-01,first_gold_session_on_or_after_event_date,2236.5,313.023,312.345,0.217068,inflation_pressure_up,2261.0,1.095462,UP,2331.699951,4.256649,UP,2345.399902,4.869211,UP,20,"After CPI changed by 0.217068% on 2024-04-01, gold moved 4.869211% over 20 trading days (UP).",105.019997,103.860001,1.159996,high_dxy_regime,dxy_rising
CPI_GOLD_2024-05-01,cpi_gold_v1,CPI,2024-05-01,2024-05-01,first_gold_session_on_or_after_event_date,2299.899902,313.175,313.023,0.048559,inflation_pressure_up,2299.199951,-0.030434,FLAT,2313.600098,0.595687,UP,2342.899902,1.869647,UP,20,"After CPI changed by 0.048559% on 2024-05-01, gold moved 1.869647% over 20 trading days (UP).",105.760002,105.019997,0.740005,high_dxy_regime,dxy_flat
CPI_GOLD_2024-06-01,cpi_gold_v1,CPI,2024-06-01,2024-06-03,first_gold_session_on_or_after_event_date,2346.600098,313.044,313.175,-0.04183,inflation_pressure_down,2325.5,-0.899177,DOWN,2307.699951,-1.657724,DOWN,2323.0,-1.005715,DOWN,5,"After CPI changed by -0.04183% on 2024-06-01, gold moved -1.657724% over 5 trading days (DOWN).",104.669998,105.300003,-0.630005,normal_dxy_regime,dxy_flat
CPI_GOLD_2024-07-01,cpi_gold_v1,CPI,2024-07-01,2024-07-01,first_gold_session_on_or_after_event_date,2327.600098,313.569,313.044,0.167708,inflation_pressure_up,2323.0,-0.197633,DOWN,2360.100098,1.396288,UP,2405.0,3.325309,UP,20,"After CPI changed by 0.167708% on 2024-07-01, gold moved 3.325309% over 20 trading days (UP).",105.900002,104.669998,1.230003,high_dxy_regime,dxy_rising
CPI_GOLD_2024-08-01,cpi_gold_v1,CPI,2024-08-01,2024-08-01,first_gold_session_on_or_after_event_date,2435.0,314.062,313.569,0.157222,inflation_pressure_up,2425.699951,-0.381932,DOWN,2422.199951,-0.525669,DOWN,2525.699951,3.724844,UP,20,"After CPI changed by 0.157222% on 2024-08-01, gold moved 3.724844% over 20 trading days (UP).",104.419998,105.720001,-1.300003,normal_dxy_regime,dxy_falling
CPI_GOLD_2024-09-01,cpi_gold_v1,CPI,2024-09-01,2024-09-03,first_gold_session_on_or_after_event_date,2489.899902,314.732,314.062,0.213334,inflation_pressure_up,2493.399902,0.140568,UP,2512.300049,0.89964,UP,2667.300049,7.12479,UP,20,"After CPI changed by 0.213334% on 2024-09-01, gold moved 7.12479% over 20 trading days (UP).",101.699997,103.209999,-1.510002,normal_dxy_regime,dxy_falling
CPI_GOLD_2024-10-01,cpi_gold_v1,CPI,2024-10-01,2024-10-01,first_gold_session_on_or_after_event_date,2667.300049,315.631,314.732,0.28564,inflation_pressure_up,2647.100098,-0.757318,DOWN,2615.0,-1.960786,DOWN,2768.399902,3.790344,UP,20,"After CPI changed by 0.28564% on 2024-10-01, gold moved 3.790344% over 20 trading days (UP).",101.190002,101.699997,-0.509995,normal_dxy_regime,dxy_flat
CPI_GOLD_2024-11-01,cpi_gold_v1,CPI,2024-11-01,2024-11-01,first_gold_session_on_or_after_event_date,2738.600098,316.528,315.631,0.284193,inflation_pressure_up,2736.100098,-0.091288,FLAT,2687.5,-1.86592,DOWN,2634.899902,-3.786613,DOWN,20,"After CPI changed by 0.284193% on 2024-11-01, gold moved -3.786613% over 20 trading days (DOWN).",104.279999,101.68,2.599998,normal_dxy_regime,dxy_rising
CPI_GOLD_2024-12-01,cpi_gold_v1,CPI,2024-12-01,2024-12-02,first_gold_session_on_or_after_event_date,2634.899902,317.604,316.528,0.339938,inflation_pressure_up,2644.699951,0.371932,UP,2664.899902,1.138563,UP,2629.199951,-0.216325,DOWN,5,"After CPI changed by 0.339938% on 2024-12-01, gold moved 1.138563% over 5 trading days (UP).",105.739998,104.279999,1.459999,high_dxy_regime,dxy_rising
CPI_GOLD_2025-01-01,cpi_gold_v1,CPI,2025-01-01,2025-01-02,first_gold_session_on_or_after_event_date,2658.899902,318.961,317.604,0.427262,inflation_pressure_up,2645.0,-0.522769,DOWN,2683.800049,0.936483,UP,2812.5,5.776829,UP,20,"After CPI changed by 0.427262% on 2025-01-01, gold moved 5.776829% over 20 trading days (UP).",108.489998,106.449997,2.040001,high_dxy_regime,dxy_rising
CPI_GOLD_2025-02-01,cpi_gold_v1,CPI,2025-02-01,2025-02-03,first_gold_session_on_or_after_event_date,2833.899902,319.679,318.961,0.225106,inflation_pressure_up,2853.300049,0.684574,UP,2914.300049,2.837085,UP,2909.600098,2.671237,UP,5,"After CPI changed by 0.225106% on 2025-02-01, gold moved 2.837085% over 5 trading days (UP).",108.370003,109.389999,-1.019997,high_dxy_regime,dxy_falling
CPI_GOLD_2025-03-01,cpi_gold_v1,CPI,2025-03-01,2025-03-03,first_gold_session_on_or_after_event_date,2890.199951,319.785,319.679,0.033158,inflation_pressure_up,2909.600098,0.671239,UP,2891.0,0.027681,FLAT,3122.800049,8.047889,UP,20,"After CPI changed by 0.033158% on 2025-03-01, gold moved 8.047889% over 20 trading days (UP).",107.610001,107.800003,-0.190002,high_dxy_regime,dxy_flat
CPI_GOLD_2025-04-01,cpi_gold_v1,CPI,2025-04-01,2025-04-01,first_gold_session_on_or_after_event_date,3118.899902,320.302,319.785,0.161671,inflation_pressure_up,3139.899902,0.673314,UP,2968.399902,-4.825419,DOWN,3305.0,5.966851,UP,20,"After CPI changed by 0.161671% on 2025-04-01, gold moved 5.966851% over 20 trading days (UP).",104.260002,107.610001,-3.349998,normal_dxy_regime,dxy_falling
CPI_GOLD_2025-05-01,cpi_gold_v1,CPI,2025-05-01,2025-05-01,first_gold_session_on_or_after_event_date,3210.0,320.62,320.302,0.099281,inflation_pressure_up,3231.899902,0.68224,UP,3296.600098,2.697822,UP,3288.899902,2.457941,UP,5,"After CPI changed by 0.099281% on 2025-05-01, gold moved 2.697822% over 5 trading days (UP).",100.25,104.260002,-4.010002,normal_dxy_regime,dxy_falling
CPI_GOLD_2025-06-01,cpi_gold_v1,CPI,2025-06-01,2025-06-02,first_gold_session_on_or_after_event_date,3370.600098,321.435,320.62,0.254195,inflation_pressure_up,3350.199951,-0.605238,DOWN,3332.100098,-1.14223,DOWN,3336.699951,-1.00576,DOWN,5,"After CPI changed by 0.254195% on 2025-06-01, gold moved -1.14223% over 5 trading days (DOWN).",99.330002,100.0,-0.669998,normal_dxy_regime,dxy_flat
CPI_GOLD_2025-07-01,cpi_gold_v1,CPI,2025-07-01,2025-07-01,first_gold_session_on_or_after_event_date,3336.699951,322.169,321.435,0.228351,inflation_pressure_up,3348.0,0.338659,UP,3307.0,-0.8901,DOWN,3323.399902,-0.398599,DOWN,5,"After CPI changed by 0.228351% on 2025-07-01, gold moved -0.8901% over 5 trading days (DOWN).",96.82,99.330002,-2.510002,normal_dxy_regime,dxy_falling
CPI_GOLD_2025-08-01,cpi_gold_v1,CPI,2025-08-01,2025-08-01,first_gold_session_on_or_after_event_date,3347.699951,323.291,322.169,0.348264,inflation_pressure_up,3374.399902,0.797561,UP,3439.100098,2.730237,UP,3473.699951,3.763778,UP,20,"After CPI changed by 0.348264% on 2025-08-01, gold moved 3.763778% over 20 trading days (UP).",98.690002,96.779999,1.910004,normal_dxy_regime,dxy_rising
CPI_GOLD_2025-09-01,cpi_gold_v1,CPI,2025-09-01,2025-09-02,first_gold_session_on_or_after_event_date,3549.399902,324.245,323.291,0.29509,inflation_pressure_up,3593.199951,1.234013,UP,3643.300049,2.645522,UP,3840.800049,8.209843,UP,20,"After CPI changed by 0.29509% on 2025-09-01, gold moved 8.209843% over 20 trading days (UP).",97.769997,98.690002,-0.920006,normal_dxy_regime,dxy_flat
CPI_GOLD_2025-12-01,cpi_gold_v1,CPI,2025-12-01,2025-12-01,first_gold_session_on_or_after_event_date,4239.299805,326.031,325.063,0.297788,inflation_pressure_up,4186.600098,-1.243123,DOWN,4187.200195,-1.228967,DOWN,4370.100098,3.085422,UP,20,"After CPI changed by 0.297788% on 2025-12-01, gold moved 3.085422% over 20 trading days (UP).",99.410004,99.800003,-0.389999,normal_dxy_regime,dxy_flat
